<?xml version="1.0" encoding="UTF-8"?>
<project-private xmlns="http://www.netbeans.org/ns/project-private/1">
    <editor-bookmarks xmlns="http://www.netbeans.org/ns/editor-bookmarks/2" lastBookmarkId="0"/>
    <open-files xmlns="http://www.netbeans.org/ns/projectui-open-files/2">
        <group>
            <file>file:/C:/Users/Gowtham/Desktop/part6/web/books.jsp</file>
            <file>file:/C:/Users/Gowtham/Desktop/part6/web/computers.jsp</file>
            <file>file:/C:/Users/Gowtham/Desktop/part6/web/index.jsp</file>
            <file>file:/C:/Users/Gowtham/Desktop/part6/web/music.jsp</file>
            <file>file:/C:/Users/Gowtham/Desktop/part6/web/welcome.jsp</file>
            <file>file:/C:/Users/Gowtham/Desktop/part6/src/java/com/assignment2/shoppingCart.java</file>
        </group>
    </open-files>
</project-private>
